time,temperature_2m_mean
2017-01-02,21.7
2017-01-03,20.7
2017-01-04,21.4
2017-01-05,21.7
2017-01-06,22.1
2017-01-07,22.2
2017-01-08,23.3
2017-01-09,24.3
2017-01-10,26.0
2017-01-11,28.1
2017-01-12,23.8
2017-01-13,26.2
2017-01-14,27.0
2017-01-15,23.0
2017-01-16,23.6
2017-01-17,27.8
2017-01-18,27.1
2017-01-19,21.4
2017-01-20,24.4
2017-01-21,21.4
2017-01-22,22.2
2017-01-23,24.5
2017-01-24,28.5
2017-01-25,21.6
2017-01-26,21.8
2017-01-27,22.5
2017-01-28,24.6
2017-01-29,24.0
2017-01-30,27.9
2017-01-31,26.9
2017-02-01,23.3
2017-02-02,22.9
2017-02-03,23.7
2017-02-04,26.5
2017-02-05,30.7
2017-02-06,27.6
2017-02-07,23.3
2017-02-08,24.2
2017-02-09,25.1
2017-02-10,28.8
2017-02-11,28.6
2017-02-12,24.9
2017-02-13,21.7
2017-02-14,21.0
2017-02-15,21.6
2017-02-16,24.8
2017-02-17,27.1
2017-02-18,22.9
2017-02-19,20.2
2017-02-20,20.3
2017-02-21,20.7
2017-02-22,23.1
2017-02-23,23.7
2017-02-24,22.8
2017-02-25,20.9
2017-02-26,20.8
2017-02-27,22.1
2017-02-28,22.2
2017-03-01,22.0
2017-03-02,22.0
2017-03-03,21.8
2017-03-04,21.8
2017-03-05,21.0
2017-03-06,20.9
2017-03-07,19.5
2017-03-08,19.5
2017-03-09,20.2
2017-03-10,20.1
2017-03-11,19.3
2017-03-12,21.1
2017-03-13,21.9
2017-03-14,21.2
2017-03-15,22.1
2017-03-16,22.6
2017-03-17,21.2
2017-03-18,22.2
2017-03-19,23.5
2017-03-20,23.8
2017-03-21,23.8
2017-03-22,24.2
2017-03-23,20.9
2017-03-24,20.7
2017-03-25,20.8
2017-03-26,21.5
2017-03-27,21.8
2017-03-28,21.7
2017-03-29,24.7
2017-03-30,21.3
2017-03-31,18.3
2017-04-01,19.0
2017-04-02,18.7
2017-04-03,17.3
2017-04-04,18.1
2017-04-05,18.4
2017-04-06,17.3
2017-04-07,18.1
2017-04-08,18.2
2017-04-09,19.1
2017-04-10,13.6
2017-04-11,18.0
2017-04-12,17.7
2017-04-13,17.0
2017-04-14,17.0
2017-04-15,16.6
2017-04-16,18.1
2017-04-17,17.9
2017-04-18,18.2
2017-04-19,19.2
2017-04-20,18.0
2017-04-21,17.9
2017-04-22,18.7
2017-04-23,18.0
2017-04-24,18.3
2017-04-25,19.9
2017-04-26,17.4
2017-04-27,14.8
2017-04-28,14.6
2017-04-29,14.1
2017-04-30,15.9
2017-05-01,16.9
2017-05-02,17.3
2017-05-03,16.0
2017-05-04,16.1
2017-05-05,15.6
2017-05-06,16.4
2017-05-07,15.6
2017-05-08,12.8
2017-05-09,14.4
2017-05-10,13.7
2017-05-11,13.9
2017-05-12,15.3
2017-05-13,15.6
2017-05-14,15.2
2017-05-15,15.3
2017-05-16,14.0
2017-05-17,13.6
2017-05-18,15.8
2017-05-19,17.3
2017-05-20,17.3
2017-05-21,15.4
2017-05-22,15.8
2017-05-23,16.3
2017-05-24,15.4
2017-05-25,13.6
2017-05-26,13.7
2017-05-27,14.4
2017-05-28,15.1
2017-05-29,12.3
2017-05-30,10.7
2017-05-31,12.1
2017-06-01,11.9
2017-06-02,12.6
2017-06-03,13.6
2017-06-04,13.0
2017-06-05,12.0
2017-06-06,10.9
2017-06-07,12.8
2017-06-08,14.8
2017-06-09,14.5
2017-06-10,15.2
2017-06-11,14.0
2017-06-12,13.6
2017-06-13,14.4
2017-06-14,14.5
2017-06-15,13.6
2017-06-16,14.9
2017-06-17,14.8
2017-06-18,14.2
2017-06-19,15.3
2017-06-20,14.4
2017-06-21,12.3
2017-06-22,12.6
2017-06-23,11.0
2017-06-24,11.7
2017-06-25,10.6
2017-06-26,10.7
2017-06-27,10.6
2017-06-28,10.8
2017-06-29,10.7
2017-06-30,10.7
2017-07-01,9.2
2017-07-02,8.4
2017-07-03,9.5
2017-07-04,14.1
2017-07-05,13.4
2017-07-06,10.9
2017-07-07,10.0
2017-07-08,9.4
2017-07-09,9.7
2017-07-10,9.5
2017-07-11,10.9
2017-07-12,10.9
2017-07-13,10.8
2017-07-14,12.6
2017-07-15,11.5
2017-07-16,10.0
2017-07-17,11.2
2017-07-18,13.4
2017-07-19,11.5
2017-07-20,11.1
2017-07-21,10.4
2017-07-22,9.4
2017-07-23,11.7
2017-07-24,12.7
2017-07-25,12.0
2017-07-26,15.2
2017-07-27,12.1
2017-07-28,12.3
2017-07-29,11.6
2017-07-30,17.0
2017-07-31,13.1
2017-08-01,11.7
2017-08-02,11.2
2017-08-03,12.8
2017-08-04,12.0
2017-08-05,13.2
2017-08-06,14.5
2017-08-07,13.2
2017-08-08,11.9
2017-08-09,12.1
2017-08-10,13.7
2017-08-11,17.1
2017-08-12,13.0
2017-08-13,13.0
2017-08-14,12.6
2017-08-15,15.1
2017-08-16,18.1
2017-08-17,14.8
2017-08-18,13.2
2017-08-19,11.2
2017-08-20,10.6
2017-08-21,10.9
2017-08-22,11.3
2017-08-23,12.8
2017-08-24,12.4
2017-08-25,12.3
2017-08-26,11.4
2017-08-27,10.4
2017-08-28,10.6
2017-08-29,10.9
2017-08-30,12.2
2017-08-31,11.8
2017-09-01,11.4
2017-09-02,12.1
2017-09-03,16.9
2017-09-04,15.1
2017-09-05,13.4
2017-09-06,12.9
2017-09-07,14.0
2017-09-08,13.2
2017-09-09,12.5
2017-09-10,11.7
2017-09-11,13.4
2017-09-12,18.0
2017-09-13,23.5
2017-09-14,13.2
2017-09-15,14.8
2017-09-16,14.5
2017-09-17,11.5
2017-09-18,15.2
2017-09-19,17.1
2017-09-20,13.0
2017-09-21,15.3
2017-09-22,18.7
2017-09-23,23.2
2017-09-24,25.4
2017-09-25,19.3
2017-09-26,14.9
2017-09-27,17.9
2017-09-28,20.1
2017-09-29,18.0
2017-09-30,18.3
2017-10-01,14.9
2017-10-02,18.1
2017-10-03,18.3
2017-10-04,17.5
2017-10-05,19.5
2017-10-06,17.5
2017-10-07,16.1
2017-10-08,16.9
2017-10-09,21.7
2017-10-10,18.4
2017-10-11,20.6
2017-10-12,20.9
2017-10-13,17.5
2017-10-14,17.5
2017-10-15,18.2
2017-10-16,18.2
2017-10-17,18.7
2017-10-18,19.6
2017-10-19,20.5
2017-10-20,17.1
2017-10-21,15.6
2017-10-22,14.8
2017-10-23,16.0
2017-10-24,18.6
2017-10-25,20.8
2017-10-26,19.0
2017-10-27,18.0
2017-10-28,20.3
2017-10-29,22.7
2017-10-30,23.5
2017-10-31,15.6
2017-11-01,16.4
2017-11-02,16.9
2017-11-03,20.8
2017-11-04,15.8
2017-11-05,16.2
2017-11-06,17.9
2017-11-07,16.1
2017-11-08,15.9
2017-11-09,16.3
2017-11-10,16.8
2017-11-11,17.7
2017-11-12,17.8
2017-11-13,17.3
2017-11-14,18.2
2017-11-15,19.3
2017-11-16,19.9
2017-11-17,20.7
2017-11-18,20.1
2017-11-19,19.6
2017-11-20,19.3
2017-11-21,19.6
2017-11-22,19.4
2017-11-23,19.8
2017-11-24,21.2
2017-11-25,21.2
2017-11-26,21.7
2017-11-27,21.5
2017-11-28,21.5
2017-11-29,21.6
2017-11-30,22.2
2017-12-01,23.2
2017-12-02,23.2
2017-12-03,20.7
2017-12-04,17.7
2017-12-05,18.7
2017-12-06,20.1
2017-12-07,23.1
2017-12-08,21.1
2017-12-09,19.6
2017-12-10,20.1
2017-12-11,21.0
2017-12-12,22.2
2017-12-13,23.1
2017-12-14,26.6
2017-12-15,22.6
2017-12-16,24.5
2017-12-17,23.1
2017-12-18,24.4
2017-12-19,26.4
2017-12-20,27.0
2017-12-21,21.6
2017-12-22,22.0
2017-12-23,23.4
2017-12-24,24.7
2017-12-25,20.6
2017-12-26,21.3
2017-12-27,22.3
2017-12-28,22.6
2017-12-29,24.8
2017-12-30,24.8
2017-12-31,22.1
2018-01-01,22.8
2018-01-02,22.1
2018-01-03,20.7
2018-01-04,20.4
2018-01-05,21.3
2018-01-06,24.2
2018-01-07,28.8
2018-01-08,26.2
2018-01-09,24.3
2018-01-10,21.5
2018-01-11,21.4
2018-01-12,24.4
2018-01-13,25.7
2018-01-14,18.4
2018-01-15,19.9
2018-01-16,19.6
2018-01-17,19.4
2018-01-18,19.9
2018-01-19,21.5
2018-01-20,22.2
2018-01-21,23.0
2018-01-22,25.5
2018-01-23,24.3
2018-01-24,24.8
2018-01-25,24.4
2018-01-26,24.6
2018-01-27,25.1
2018-01-28,24.8
2018-01-29,24.6
2018-01-30,24.3
2018-01-31,19.8
2018-02-01,19.0
2018-02-02,19.4
2018-02-03,20.1
2018-02-04,20.6
2018-02-05,20.8
2018-02-06,21.9
2018-02-07,22.6
2018-02-08,23.1
2018-02-09,23.3
2018-02-10,24.1
2018-02-11,24.0
2018-02-12,23.5
2018-02-13,23.6
2018-02-14,27.3
2018-02-15,23.4
2018-02-16,22.5
2018-02-17,23.7
2018-02-18,24.4
2018-02-19,23.6
2018-02-20,20.4
2018-02-21,20.4
2018-02-22,21.2
2018-02-23,23.1
2018-02-24,25.9
2018-02-25,21.9
2018-02-26,19.2
2018-02-27,20.0
2018-02-28,21.7
2018-03-01,21.9
2018-03-02,20.9
2018-03-03,22.0
2018-03-04,21.8
2018-03-05,21.5
2018-03-06,20.7
2018-03-07,21.2
2018-03-08,21.0
2018-03-09,21.3
2018-03-10,21.5
2018-03-11,20.7
2018-03-12,20.6
2018-03-13,20.6
2018-03-14,21.9
2018-03-15,24.0
2018-03-16,22.4
2018-03-17,23.5
2018-03-18,27.3
2018-03-19,23.3
2018-03-20,21.6
2018-03-21,20.0
2018-03-22,20.0
2018-03-23,20.9
2018-03-24,21.1
2018-03-25,25.2
2018-03-26,21.5
2018-03-27,18.2
2018-03-28,21.1
2018-03-29,21.5
2018-03-30,22.9
2018-03-31,21.6
2018-04-01,22.8
2018-04-02,23.4
2018-04-03,21.4
2018-04-04,21.6
2018-04-05,21.5
2018-04-06,21.1
2018-04-07,22.4
2018-04-08,22.0
2018-04-09,23.1
2018-04-10,20.7
2018-04-11,22.1
2018-04-12,24.8
2018-04-13,26.1
2018-04-14,25.4
2018-04-15,20.4
2018-04-16,22.0
2018-04-17,19.2
2018-04-18,19.3
2018-04-19,19.6
2018-04-20,19.3
2018-04-21,19.2
2018-04-22,18.4
2018-04-23,18.3
2018-04-24,18.1
2018-04-25,17.7
2018-04-26,18.8
2018-04-27,17.8
2018-04-28,16.2
2018-04-29,16.5
2018-04-30,15.8
2018-05-01,16.0
2018-05-02,16.9
2018-05-03,18.5
2018-05-04,19.9
2018-05-05,15.0
2018-05-06,14.6
2018-05-07,16.7
2018-05-08,16.5
2018-05-09,16.5
2018-05-10,16.8
2018-05-11,12.0
2018-05-12,14.0
2018-05-13,15.3
2018-05-14,15.5
2018-05-15,14.4
2018-05-16,13.7
2018-05-17,13.0
2018-05-18,12.7
2018-05-19,13.6
2018-05-20,13.2
2018-05-21,15.1
2018-05-22,15.7
2018-05-23,15.0
2018-05-24,14.5
2018-05-25,15.5
2018-05-26,13.5
2018-05-27,13.7
2018-05-28,14.2
2018-05-29,15.3
2018-05-30,13.5
2018-05-31,13.0
2018-06-01,13.1
2018-06-02,14.0
2018-06-03,14.4
2018-06-04,13.7
2018-06-05,13.2
2018-06-06,14.0
2018-06-07,14.2
2018-06-08,13.8
2018-06-09,12.6
2018-06-10,13.7
2018-06-11,13.0
2018-06-12,11.5
2018-06-13,12.4
2018-06-14,12.9
2018-06-15,13.2
2018-06-16,11.8
2018-06-17,10.1
2018-06-18,11.8
2018-06-19,11.9
2018-06-20,13.7
2018-06-21,11.8
2018-06-22,11.6
2018-06-23,10.5
2018-06-24,9.9
2018-06-25,9.8
2018-06-26,10.6
2018-06-27,11.2
2018-06-28,13.0
2018-06-29,9.6
2018-06-30,10.9
2018-07-01,10.5
2018-07-02,13.8
2018-07-03,11.1
2018-07-04,12.1
2018-07-05,15.5
2018-07-06,17.2
2018-07-07,11.1
2018-07-08,11.3
2018-07-09,11.9
2018-07-10,10.1
2018-07-11,10.0
2018-07-12,9.6
2018-07-13,9.9
2018-07-14,9.3
2018-07-15,7.6
2018-07-16,8.1
2018-07-17,13.7
2018-07-18,13.0
2018-07-19,11.8
2018-07-20,12.9
2018-07-21,11.2
2018-07-22,9.1
2018-07-23,9.5
2018-07-24,15.5
2018-07-25,14.6
2018-07-26,11.1
2018-07-27,10.8
2018-07-28,12.0
2018-07-29,16.4
2018-07-30,11.9
2018-07-31,12.6
2018-08-01,14.0
2018-08-02,11.7
2018-08-03,14.6
2018-08-04,13.4
2018-08-05,11.8
2018-08-06,12.6
2018-08-07,12.0
2018-08-08,12.3
2018-08-09,11.7
2018-08-10,13.0
2018-08-11,16.8
2018-08-12,11.4
2018-08-13,12.6
2018-08-14,13.5
2018-08-15,16.6
2018-08-16,15.4
2018-08-17,11.1
2018-08-18,12.9
2018-08-19,10.9
2018-08-20,10.0
2018-08-21,11.1
2018-08-22,12.2
2018-08-23,11.5
2018-08-24,12.4
2018-08-25,13.8
2018-08-26,11.6
2018-08-27,12.3
2018-08-28,10.3
2018-08-29,8.7
2018-08-30,9.5
2018-08-31,11.9
2018-09-01,14.6
2018-09-02,12.2
2018-09-03,11.4
2018-09-04,13.8
2018-09-05,13.3
2018-09-06,13.8
2018-09-07,15.6
2018-09-08,14.0
2018-09-09,14.4
2018-09-10,14.6
2018-09-11,14.7
2018-09-12,19.5
2018-09-13,15.1
2018-09-14,16.4
2018-09-15,19.7
2018-09-16,12.2
2018-09-17,12.5
2018-09-18,15.3
2018-09-19,18.3
2018-09-20,12.4
2018-09-21,12.6
2018-09-22,14.3
2018-09-23,15.1
2018-09-24,13.2
2018-09-25,12.8
2018-09-26,12.0
2018-09-27,13.3
2018-09-28,17.7
2018-09-29,14.9
2018-09-30,13.7
2018-10-01,14.6
2018-10-02,15.8
2018-10-03,18.2
2018-10-04,15.6
2018-10-05,14.8
2018-10-06,15.5
2018-10-07,14.7
2018-10-08,16.4
2018-10-09,16.9
2018-10-10,15.5
2018-10-11,15.0
2018-10-12,15.3
2018-10-13,16.2
2018-10-14,17.3
2018-10-15,18.0
2018-10-16,18.9
2018-10-17,19.3
2018-10-18,19.4
2018-10-19,20.5
2018-10-20,21.5
2018-10-21,16.8
2018-10-22,17.7
2018-10-23,19.2
2018-10-24,17.1
2018-10-25,17.4
2018-10-26,16.9
2018-10-27,18.7
2018-10-28,16.3
2018-10-29,16.7
2018-10-30,18.6
2018-10-31,19.5
2018-11-01,21.8
2018-11-02,28.2
2018-11-03,23.9
2018-11-04,20.7
2018-11-05,21.4
2018-11-06,25.4
2018-11-07,20.4
2018-11-08,15.1
2018-11-09,16.5
2018-11-10,16.9
2018-11-11,17.3
2018-11-12,18.4
2018-11-13,19.8
2018-11-14,19.7
2018-11-15,18.7
2018-11-16,17.5
2018-11-17,17.4
2018-11-18,18.2
2018-11-19,17.8
2018-11-20,19.5
2018-11-21,23.3
2018-11-22,20.5
2018-11-23,17.5
2018-11-24,17.9
2018-11-25,17.8
2018-11-26,17.8
2018-11-27,19.0
2018-11-28,17.8
2018-11-29,17.5
2018-11-30,18.2
2018-12-01,19.8
2018-12-02,22.0
2018-12-03,20.8
2018-12-04,19.6
2018-12-05,19.4
2018-12-06,20.8
2018-12-07,20.7
2018-12-08,21.1
2018-12-09,21.4
2018-12-10,21.8
2018-12-11,20.0
2018-12-12,20.6
2018-12-13,22.0
2018-12-14,22.5
2018-12-15,22.5
2018-12-16,24.4
2018-12-17,23.5
2018-12-18,22.0
2018-12-19,21.8
2018-12-20,23.5
2018-12-21,20.8
2018-12-22,18.1
2018-12-23,18.6
2018-12-24,19.6
2018-12-25,21.9
2018-12-26,22.6
2018-12-27,23.8
2018-12-28,24.6
2018-12-29,24.9
2018-12-30,24.6
2018-12-31,25.0
2019-01-01,25.7
2019-01-02,23.9
2019-01-03,23.2
2019-01-04,24.4
2019-01-05,26.6
2019-01-06,20.5
2019-01-07,21.5
2019-01-08,24.0
2019-01-09,22.8
2019-01-10,22.1
2019-01-11,22.8
2019-01-12,24.7
2019-01-13,22.6
2019-01-14,23.7
2019-01-15,25.2
2019-01-16,25.3
2019-01-17,25.8
2019-01-18,26.5
2019-01-19,23.4
2019-01-20,22.9
2019-01-21,24.0
2019-01-22,25.3
2019-01-23,24.3
2019-01-24,23.5
2019-01-25,26.2
2019-01-26,26.2
2019-01-27,25.2
2019-01-28,24.4
2019-01-29,25.9
2019-01-30,25.7
2019-01-31,28.2
2019-02-01,21.6
2019-02-02,23.2
2019-02-03,24.7
2019-02-04,25.0
2019-02-05,24.4
2019-02-06,24.5
2019-02-07,24.6
2019-02-08,24.7
2019-02-09,24.9
2019-02-10,20.2
2019-02-11,21.7
2019-02-12,26.8
2019-02-13,21.5
2019-02-14,21.2
2019-02-15,21.2
2019-02-16,22.2
2019-02-17,23.4
2019-02-18,24.6
2019-02-19,23.5
2019-02-20,21.1
2019-02-21,21.5
2019-02-22,21.1
2019-02-23,20.7
2019-02-24,21.1
2019-02-25,21.5
2019-02-26,20.8
2019-02-27,21.9
2019-02-28,22.9
2019-03-01,23.3
2019-03-02,23.2
2019-03-03,23.3
2019-03-04,23.9
2019-03-05,24.0
2019-03-06,25.0
2019-03-07,19.9
2019-03-08,22.7
2019-03-09,22.0
2019-03-10,23.2
2019-03-11,23.1
2019-03-12,24.3
2019-03-13,21.2
2019-03-14,22.2
2019-03-15,20.2
2019-03-16,20.9
2019-03-17,19.4
2019-03-18,19.9
2019-03-19,20.9
2019-03-20,21.1
2019-03-21,21.6
2019-03-22,21.4
2019-03-23,21.6
2019-03-24,23.6
2019-03-25,22.8
2019-03-26,20.0
2019-03-27,19.5
2019-03-28,20.3
2019-03-29,21.4
2019-03-30,19.3
2019-03-31,15.7
2019-04-01,16.7
2019-04-02,19.2
2019-04-03,19.1
2019-04-04,18.5
2019-04-05,19.4
2019-04-06,20.7
2019-04-07,20.6
2019-04-08,22.9
2019-04-09,20.1
2019-04-10,16.8
2019-04-11,16.4
2019-04-12,17.3
2019-04-13,17.9
2019-04-14,18.0
2019-04-15,17.9
2019-04-16,18.0
2019-04-17,18.2
2019-04-18,18.8
2019-04-19,19.4
2019-04-20,19.5
2019-04-21,20.8
2019-04-22,20.7
2019-04-23,20.2
2019-04-24,19.5
2019-04-25,18.7
2019-04-26,20.3
2019-04-27,15.3
2019-04-28,14.6
2019-04-29,15.9
2019-04-30,18.3
2019-05-01,18.9
2019-05-02,20.3
2019-05-03,20.1
2019-05-04,17.6
2019-05-05,15.0
2019-05-06,14.9
2019-05-07,13.9
2019-05-08,15.1
2019-05-09,14.0
2019-05-10,13.6
2019-05-11,14.0
2019-05-12,14.2
2019-05-13,14.8
2019-05-14,15.3
2019-05-15,15.1
2019-05-16,15.5
2019-05-17,15.3
2019-05-18,16.1
2019-05-19,16.5
2019-05-20,15.8
2019-05-21,17.4
2019-05-22,16.8
2019-05-23,17.2
2019-05-24,16.1
2019-05-25,16.1
2019-05-26,16.3
2019-05-27,12.5
2019-05-28,12.6
2019-05-29,13.9
2019-05-30,10.5
2019-05-31,12.3
2019-06-01,13.9
2019-06-02,13.7
2019-06-03,11.9
2019-06-04,10.7
2019-06-05,11.8
2019-06-06,11.7
2019-06-07,13.6
2019-06-08,12.3
2019-06-09,14.2
2019-06-10,14.9
2019-06-11,14.4
2019-06-12,15.1
2019-06-13,17.4
2019-06-14,12.9
2019-06-15,12.6
2019-06-16,13.3
2019-06-17,13.2
2019-06-18,13.7
2019-06-19,11.2
2019-06-20,9.9
2019-06-21,10.2
2019-06-22,10.2
2019-06-23,11.1
2019-06-24,13.1
2019-06-25,14.4
2019-06-26,14.5
2019-06-27,12.8
2019-06-28,13.4
2019-06-29,13.9
2019-06-30,12.8
2019-07-01,10.1
2019-07-02,9.7
2019-07-03,12.9
2019-07-04,15.5
2019-07-05,15.4
2019-07-06,14.3
2019-07-07,12.8
2019-07-08,13.2
2019-07-09,11.9
2019-07-10,11.0
2019-07-11,13.3
2019-07-12,14.3
2019-07-13,12.1
2019-07-14,10.3
2019-07-15,12.5
2019-07-16,12.7
2019-07-17,12.8
2019-07-18,12.3
2019-07-19,10.5
2019-07-20,11.0
2019-07-21,13.1
2019-07-22,14.1
2019-07-23,14.7
2019-07-24,13.9
2019-07-25,11.4
2019-07-26,12.2
2019-07-27,12.8
2019-07-28,11.4
2019-07-29,11.8
2019-07-30,12.7
2019-07-31,12.3
2019-08-01,12.1
2019-08-02,12.5
2019-08-03,11.3
2019-08-04,11.8
2019-08-05,12.7
2019-08-06,10.6
2019-08-07,11.8
2019-08-08,13.1
2019-08-09,12.5
2019-08-10,10.1
2019-08-11,10.3
2019-08-12,11.5
2019-08-13,10.5
2019-08-14,11.0
2019-08-15,10.1
2019-08-16,13.3
2019-08-17,13.1
2019-08-18,13.7
2019-08-19,12.2
2019-08-20,12.5
2019-08-21,13.9
2019-08-22,13.3
2019-08-23,11.9
2019-08-24,14.4
2019-08-25,13.4
2019-08-26,13.4
2019-08-27,13.6
2019-08-28,13.6
2019-08-29,11.3
2019-08-30,13.0
2019-08-31,14.1
2019-09-01,13.7
2019-09-02,12.8
2019-09-03,13.5
2019-09-04,15.9
2019-09-05,15.7
2019-09-06,16.6
2019-09-07,12.9
2019-09-08,12.9
2019-09-09,12.3
2019-09-10,12.5
2019-09-11,12.4
2019-09-12,15.2
2019-09-13,14.6
2019-09-14,13.3
2019-09-15,15.6
2019-09-16,17.6
2019-09-17,12.5
2019-09-18,15.2
2019-09-19,16.7
2019-09-20,17.5
2019-09-21,18.7
2019-09-22,16.9
2019-09-23,14.7
2019-09-24,13.1
2019-09-25,13.6
2019-09-26,15.5
2019-09-27,16.7
2019-09-28,15.4
2019-09-29,14.2
2019-09-30,15.2
2019-10-01,15.6
2019-10-02,16.5
2019-10-03,19.4
2019-10-04,19.6
2019-10-05,16.4
2019-10-06,18.0
2019-10-07,17.8
2019-10-08,15.4
2019-10-09,13.7
2019-10-10,14.1
2019-10-11,13.6
2019-10-12,14.3
2019-10-13,14.3
2019-10-14,16.0
2019-10-15,17.8
2019-10-16,17.8
2019-10-17,19.2
2019-10-18,15.9
2019-10-19,17.9
2019-10-20,15.2
2019-10-21,15.8
2019-10-22,16.7
2019-10-23,18.9
2019-10-24,19.4
2019-10-25,24.7
2019-10-26,24.4
2019-10-27,16.7
2019-10-28,16.5
2019-10-29,18.5
2019-10-30,19.5
2019-10-31,20.3
2019-11-01,20.2
2019-11-02,21.4
2019-11-03,22.4
2019-11-04,19.0
2019-11-05,15.2
2019-11-06,18.6
2019-11-07,23.4
2019-11-08,21.2
2019-11-09,15.2
2019-11-10,17.3
2019-11-11,18.4
2019-11-12,23.9
2019-11-13,17.0
2019-11-14,18.5
2019-11-15,22.6
2019-11-16,18.7
2019-11-17,18.0
2019-11-18,19.3
2019-11-19,22.7
2019-11-20,19.2
2019-11-21,21.4
2019-11-22,20.1
2019-11-23,20.0
2019-11-24,19.5
2019-11-25,23.8
2019-11-26,24.9
2019-11-27,17.7
2019-11-28,19.6
2019-11-29,22.6
2019-11-30,19.9
2019-12-01,18.6
2019-12-02,18.0
2019-12-03,20.3
2019-12-04,21.5
2019-12-05,24.8
2019-12-06,23.7
2019-12-07,21.4
2019-12-08,21.0
2019-12-09,21.9
2019-12-10,22.8
2019-12-11,19.8
2019-12-12,19.4
2019-12-13,19.4
2019-12-14,21.4
2019-12-15,22.9
2019-12-16,20.6
2019-12-17,19.8
2019-12-18,21.0
2019-12-19,25.4
2019-12-20,21.9
2019-12-21,24.3
2019-12-22,19.6
2019-12-23,20.6
2019-12-24,22.4
2019-12-25,22.5
2019-12-26,23.1
2019-12-27,23.1
2019-12-28,23.5
2019-12-29,24.7
2019-12-30,25.0
2019-12-31,27.7
2020-01-01,21.8
2020-01-02,22.3
2020-01-03,23.8
2020-01-04,29.6
2020-01-05,22.0
2020-01-06,21.4
2020-01-07,24.4
2020-01-08,22.7
2020-01-09,22.3
2020-01-10,24.9
2020-01-11,21.4
2020-01-12,20.5
2020-01-13,21.7
2020-01-14,22.3
2020-01-15,22.7
2020-01-16,24.0
2020-01-17,20.4
2020-01-18,20.3
2020-01-19,20.6
2020-01-20,22.7
2020-01-21,22.3
2020-01-22,23.6
2020-01-23,30.2
2020-01-24,24.4
2020-01-25,24.6
2020-01-26,27.3
2020-01-27,24.7
2020-01-28,25.2
2020-01-29,23.9
2020-01-30,23.9
2020-01-31,25.7
2020-02-01,29.4
2020-02-02,25.7
2020-02-03,24.0
2020-02-04,20.2
2020-02-05,21.5
2020-02-06,21.9
2020-02-07,20.9
2020-02-08,20.9
2020-02-09,21.1
2020-02-10,23.2
2020-02-11,24.0
2020-02-12,23.4
2020-02-13,23.1
2020-02-14,22.1
2020-02-15,21.0
2020-02-16,22.0
2020-02-17,22.0
2020-02-18,24.6
2020-02-19,22.8
2020-02-20,19.3
2020-02-21,20.5
2020-02-22,20.8
2020-02-23,21.7
2020-02-24,21.8
2020-02-25,22.9
2020-02-26,24.4
2020-02-27,21.4
2020-02-28,20.1
2020-02-29,21.3
2020-03-01,22.9
2020-03-02,24.0
2020-03-03,20.5
2020-03-04,21.7
2020-03-05,21.8
2020-03-06,21.8
2020-03-07,20.1
2020-03-08,18.9
2020-03-09,18.6
2020-03-10,18.9
2020-03-11,19.4
2020-03-12,19.5
2020-03-13,18.9
2020-03-14,16.9
2020-03-15,17.2
2020-03-16,18.7
2020-03-17,18.4
2020-03-18,19.0
2020-03-19,21.3
2020-03-20,24.7
2020-03-21,20.2
2020-03-22,21.2
2020-03-23,18.9
2020-03-24,19.2
2020-03-25,19.5
2020-03-26,18.7
2020-03-27,19.3
2020-03-28,18.9
2020-03-29,20.4
2020-03-30,20.4
2020-03-31,19.8
2020-04-01,20.7
2020-04-02,20.9
2020-04-03,20.6
2020-04-04,20.9
2020-04-05,17.1
2020-04-06,17.1
2020-04-07,17.3
2020-04-08,17.0
2020-04-09,18.1
2020-04-10,17.7
2020-04-11,18.3
2020-04-12,14.7
2020-04-13,14.8
2020-04-14,16.6
2020-04-15,18.7
2020-04-16,22.1
2020-04-17,19.5
2020-04-18,15.9
2020-04-19,15.1
2020-04-20,16.4
2020-04-21,17.0
2020-04-22,17.6
2020-04-23,16.5
2020-04-24,18.7
2020-04-25,17.6
2020-04-26,18.9
2020-04-27,17.7
2020-04-28,20.0
2020-04-29,20.4
2020-04-30,17.0
2020-05-01,13.0
2020-05-02,13.4
2020-05-03,13.5
2020-05-04,12.9
2020-05-05,14.9
2020-05-06,14.5
2020-05-07,15.7
2020-05-08,19.0
2020-05-09,18.7
2020-05-10,12.8
2020-05-11,11.5
2020-05-12,12.3
2020-05-13,12.3
2020-05-14,13.4
2020-05-15,13.3
2020-05-16,14.4
2020-05-17,13.7
2020-05-18,14.4
2020-05-19,15.1
2020-05-20,16.9
2020-05-21,15.0
2020-05-22,12.5
2020-05-23,13.4
2020-05-24,14.2
2020-05-25,13.9
2020-05-26,15.4
2020-05-27,14.0
2020-05-28,13.6
2020-05-29,13.4
2020-05-30,13.9
2020-05-31,15.0
2020-06-01,14.9
2020-06-02,10.4
2020-06-03,13.3
2020-06-04,12.2
2020-06-05,9.7
2020-06-06,10.8
2020-06-07,10.5
2020-06-08,12.7
2020-06-09,14.2
2020-06-10,14.0
2020-06-11,14.3
2020-06-12,13.7
2020-06-13,14.3
2020-06-14,14.4
2020-06-15,11.8
2020-06-16,12.9
2020-06-17,13.0
2020-06-18,13.5
2020-06-19,12.2
2020-06-20,12.9
2020-06-21,12.7
2020-06-22,10.3
2020-06-23,9.7
2020-06-24,12.0
2020-06-25,11.9
2020-06-26,11.1
2020-06-27,11.7
2020-06-28,11.3
2020-06-29,11.4
2020-06-30,11.2
2020-07-01,12.4
2020-07-02,15.9
2020-07-03,11.9
2020-07-04,10.0
2020-07-05,11.9
2020-07-06,11.2
2020-07-07,11.3
2020-07-08,12.2
2020-07-09,11.2
2020-07-10,12.1
2020-07-11,11.7
2020-07-12,11.4
2020-07-13,10.9
2020-07-14,12.5
2020-07-15,12.6
2020-07-16,12.4
2020-07-17,12.8
2020-07-18,12.3
2020-07-19,12.2
2020-07-20,11.8
2020-07-21,10.7
2020-07-22,10.8
2020-07-23,10.2
2020-07-24,11.3
2020-07-25,11.7
2020-07-26,13.2
2020-07-27,14.3
2020-07-28,14.5
2020-07-29,13.9
2020-07-30,12.9
2020-07-31,11.9
2020-08-01,10.7
2020-08-02,10.8
2020-08-03,11.0
2020-08-04,13.0
2020-08-05,9.4
2020-08-06,9.6
2020-08-07,11.4
2020-08-08,12.2
2020-08-09,10.6
2020-08-10,12.8
2020-08-11,12.3
2020-08-12,12.9
2020-08-13,13.7
2020-08-14,13.5
2020-08-15,14.2
2020-08-16,14.3
2020-08-17,13.5
2020-08-18,13.9
2020-08-19,13.8
2020-08-20,12.6
2020-08-21,12.4
2020-08-22,10.3
2020-08-23,10.9
2020-08-24,11.0
2020-08-25,9.6
2020-08-26,9.7
2020-08-27,11.2
2020-08-28,12.5
2020-08-29,12.1
2020-08-30,14.8
2020-08-31,15.2
2020-09-01,12.8
2020-09-02,15.2
2020-09-03,21.6
2020-09-04,17.9
2020-09-05,15.1
2020-09-06,13.6
2020-09-07,15.1
2020-09-08,16.0
2020-09-09,14.0
2020-09-10,14.4
2020-09-11,14.4
2020-09-12,15.1
2020-09-13,16.5
2020-09-14,14.5
2020-09-15,15.9
2020-09-16,17.5
2020-09-17,18.8
2020-09-18,16.0
2020-09-19,17.8
2020-09-20,17.1
2020-09-21,21.2
2020-09-22,20.7
2020-09-23,16.1
2020-09-24,14.5
2020-09-25,14.7
2020-09-26,11.7
2020-09-27,12.3
2020-09-28,12.6
2020-09-29,14.3
2020-09-30,15.3
2020-10-01,17.0
2020-10-02,16.8
2020-10-03,17.5
2020-10-04,19.6
2020-10-05,22.2
2020-10-06,17.0
2020-10-07,17.7
2020-10-08,20.2
2020-10-09,17.0
2020-10-10,17.3
2020-10-11,18.0
2020-10-12,18.9
2020-10-13,18.9
2020-10-14,17.7
2020-10-15,19.1
2020-10-16,17.4
2020-10-17,19.7
2020-10-18,18.5
2020-10-19,16.5
2020-10-20,16.8
2020-10-21,17.8
2020-10-22,18.5
2020-10-23,20.1
2020-10-24,20.2
2020-10-25,14.8
2020-10-26,14.6
2020-10-27,15.5
2020-10-28,15.5
2020-10-29,16.1
2020-10-30,16.2
2020-10-31,17.5
2020-11-01,16.3
2020-11-02,17.2
2020-11-03,16.3
2020-11-04,18.3
2020-11-05,15.7
2020-11-06,15.1
2020-11-07,15.5
2020-11-08,16.2
2020-11-09,16.3
2020-11-10,16.4
2020-11-11,18.5
2020-11-12,22.3
2020-11-13,20.7
2020-11-14,18.6
2020-11-15,20.1
2020-11-16,24.9
2020-11-17,19.3
2020-11-18,19.1
2020-11-19,19.7
2020-11-20,23.0
2020-11-21,19.8
2020-11-22,22.5
2020-11-23,22.4
2020-11-24,19.2
2020-11-25,19.5
2020-11-26,21.9
2020-11-27,21.0
2020-11-28,29.5
2020-11-29,27.8
2020-11-30,20.2
2020-12-01,22.6
2020-12-02,20.3
2020-12-03,20.0
2020-12-04,22.3
2020-12-05,21.7
2020-12-06,24.0
2020-12-07,22.3
2020-12-08,17.6
2020-12-09,18.7
2020-12-10,19.3
2020-12-11,18.7
2020-12-12,19.5
2020-12-13,20.0
2020-12-14,20.3
2020-12-15,21.6
2020-12-16,23.3
2020-12-17,25.0
2020-12-18,25.0
2020-12-19,19.1
2020-12-20,19.7
2020-12-21,19.9
2020-12-22,21.2
2020-12-23,19.4
2020-12-24,20.3
2020-12-25,19.2
2020-12-26,20.2
2020-12-27,22.7
2020-12-28,22.1
2020-12-29,18.7
2020-12-30,20.1
2020-12-31,20.1
2021-01-01,19.8
2021-01-02,19.4
2021-01-03,21.0
2021-01-04,22.8
2021-01-05,21.8
2021-01-06,20.5
2021-01-07,19.6
2021-01-08,19.1
2021-01-09,19.6
2021-01-10,20.1
2021-01-11,21.4
2021-01-12,22.6
2021-01-13,23.2
2021-01-14,24.3
2021-01-15,22.6
2021-01-16,20.0
2021-01-17,19.5
2021-01-18,21.9
2021-01-19,20.4
2021-01-20,19.1
2021-01-21,20.1
2021-01-22,24.2
2021-01-23,24.9
2021-01-24,25.6
2021-01-25,24.5
2021-01-26,27.5
2021-01-27,21.9
2021-01-28,20.1
2021-01-29,20.8
2021-01-30,22.9
2021-01-31,22.0
2021-02-01,22.4
2021-02-02,20.3
2021-02-03,19.8
2021-02-04,22.1
2021-02-05,23.1
2021-02-06,22.5
2021-02-07,21.5
2021-02-08,20.3
2021-02-09,20.5
2021-02-10,19.8
2021-02-11,21.3
2021-02-12,23.8
2021-02-13,21.2
2021-02-14,20.0
2021-02-15,20.1
2021-02-16,21.1
2021-02-17,20.8
2021-02-18,21.5
2021-02-19,22.1
2021-02-20,22.2
2021-02-21,22.2
2021-02-22,22.1
2021-02-23,19.5
2021-02-24,19.6
2021-02-25,20.6
2021-02-26,21.4
2021-02-27,21.0
2021-02-28,22.0
2021-03-01,24.1
2021-03-02,20.4
2021-03-03,18.7
2021-03-04,20.1
2021-03-05,19.1
2021-03-06,19.3
2021-03-07,20.2
2021-03-08,22.5
2021-03-09,21.8
2021-03-10,22.0
2021-03-11,22.2
2021-03-12,22.3
2021-03-13,23.5
2021-03-14,18.8
2021-03-15,17.6
2021-03-16,19.0
2021-03-17,20.0
2021-03-18,20.0
2021-03-19,21.1
2021-03-20,20.3
2021-03-21,20.1
2021-03-22,19.4
2021-03-23,19.9
2021-03-24,22.2
2021-03-25,20.8
2021-03-26,18.1
2021-03-27,19.8
2021-03-28,18.8
2021-03-29,18.7
2021-03-30,18.4
2021-03-31,18.1
2021-04-01,18.9
2021-04-02,19.1
2021-04-03,19.7
2021-04-04,20.5
2021-04-05,20.5
2021-04-06,21.3
2021-04-07,20.1
2021-04-08,19.9
2021-04-09,20.8
2021-04-10,17.9
2021-04-11,14.4
2021-04-12,14.0
2021-04-13,15.0
2021-04-14,19.0
2021-04-15,17.8
2021-04-16,17.2
2021-04-17,15.4
2021-04-18,14.9
2021-04-19,15.7
2021-04-20,16.4
2021-04-21,15.5
2021-04-22,13.4
2021-04-23,13.8
2021-04-24,14.1
2021-04-25,14.5
2021-04-26,15.2
2021-04-27,16.1
2021-04-28,16.3
2021-04-29,15.7
2021-04-30,16.2
2021-05-01,16.9
2021-05-02,17.5
2021-05-03,17.0
2021-05-04,15.0
2021-05-05,15.9
2021-05-06,18.6
2021-05-07,18.7
2021-05-08,17.7
2021-05-09,16.4
2021-05-10,16.6
2021-05-11,16.3
2021-05-12,15.8
2021-05-13,16.3
2021-05-14,14.0
2021-05-15,12.4
2021-05-16,11.0
2021-05-17,13.1
2021-05-18,12.1
2021-05-19,12.0
2021-05-20,12.1
2021-05-21,12.9
2021-05-22,12.8
2021-05-23,13.7
2021-05-24,15.2
2021-05-25,15.2
2021-05-26,16.0
2021-05-27,13.1
2021-05-28,13.1
2021-05-29,12.3
2021-05-30,13.2
2021-05-31,11.1
2021-06-01,10.8
2021-06-02,12.4
2021-06-03,11.2
2021-06-04,13.8
2021-06-05,11.2
2021-06-06,11.1
2021-06-07,11.5
2021-06-08,13.7
2021-06-09,10.2
2021-06-10,7.8
2021-06-11,9.0
2021-06-12,11.8
2021-06-13,11.5
2021-06-14,11.5
2021-06-15,11.3
2021-06-16,12.1
2021-06-17,12.6
2021-06-18,12.4
2021-06-19,13.1
2021-06-20,12.8
2021-06-21,12.6
2021-06-22,12.2
2021-06-23,13.7
2021-06-24,15.6
2021-06-25,13.6
2021-06-26,12.3
2021-06-27,10.6
2021-06-28,11.4
2021-06-29,12.5
2021-06-30,12.7
2021-07-01,12.4
2021-07-02,13.7
2021-07-03,11.6
2021-07-04,9.1
2021-07-05,10.2
2021-07-06,9.9
2021-07-07,9.1
2021-07-08,9.4
2021-07-09,9.9
2021-07-10,11.7
2021-07-11,11.9
2021-07-12,10.6
2021-07-13,11.9
2021-07-14,12.2
2021-07-15,15.3
2021-07-16,13.3
2021-07-17,11.5
2021-07-18,12.5
2021-07-19,10.4
2021-07-20,11.2
2021-07-21,10.9
2021-07-22,9.5
2021-07-23,12.2
2021-07-24,12.5
2021-07-25,10.9
2021-07-26,12.6
2021-07-27,13.8
2021-07-28,16.0
2021-07-29,12.2
2021-07-30,9.8
2021-07-31,14.6
2021-08-01,16.7
2021-08-02,12.6
2021-08-03,13.9
2021-08-04,11.4
2021-08-05,13.1
2021-08-06,12.8
2021-08-07,12.1
2021-08-08,12.5
2021-08-09,12.5
2021-08-10,13.6
2021-08-11,17.1
2021-08-12,15.2
2021-08-13,11.7
2021-08-14,12.1
2021-08-15,12.2
2021-08-16,13.6
2021-08-17,12.8
2021-08-18,11.7
2021-08-19,12.6
2021-08-20,14.2
2021-08-21,15.4
2021-08-22,16.4
2021-08-23,19.0
2021-08-24,10.7
2021-08-25,11.7
2021-08-26,12.2
2021-08-27,12.0
2021-08-28,12.0
2021-08-29,10.7
2021-08-30,12.0
2021-08-31,13.1
2021-09-01,14.1
2021-09-02,16.6
2021-09-03,17.1
2021-09-04,17.2
2021-09-05,14.5
2021-09-06,12.9
2021-09-07,12.8
2021-09-08,13.6
2021-09-09,16.1
2021-09-10,15.6
2021-09-11,18.2
2021-09-12,20.9
2021-09-13,13.2
2021-09-14,12.0
2021-09-15,12.4
2021-09-16,12.0
2021-09-17,13.7
2021-09-18,18.4
2021-09-19,15.4
2021-09-20,17.5
2021-09-21,12.3
2021-09-22,12.5
2021-09-23,15.5
2021-09-24,18.7
2021-09-25,15.1
2021-09-26,12.8
2021-09-27,13.4
2021-09-28,15.9
2021-09-29,16.3
2021-09-30,16.8
2021-10-01,17.0
2021-10-02,16.2
2021-10-03,17.0
2021-10-04,19.1
2021-10-05,15.9
2021-10-06,16.0
2021-10-07,18.2
2021-10-08,16.6
2021-10-09,18.4
2021-10-10,18.3
2021-10-11,13.2
2021-10-12,14.8
2021-10-13,15.7
2021-10-14,17.8
2021-10-15,15.8
2021-10-16,16.1
2021-10-17,14.9
2021-10-18,16.4
2021-10-19,15.5
2021-10-20,15.3
2021-10-21,16.5
2021-10-22,17.0
2021-10-23,19.3
2021-10-24,17.3
2021-10-25,15.3
2021-10-26,15.6
2021-10-27,18.4
2021-10-28,20.5
2021-10-29,23.2
2021-10-30,16.5
2021-10-31,15.7
2021-11-01,17.0
2021-11-02,19.4
2021-11-03,19.2
2021-11-04,18.1
2021-11-05,18.5
2021-11-06,19.9
2021-11-07,19.8
2021-11-08,19.2
2021-11-09,18.8
2021-11-10,19.4
2021-11-11,17.6
2021-11-12,17.0
2021-11-13,17.0
2021-11-14,16.0
2021-11-15,16.0
2021-11-16,14.9
2021-11-17,15.6
2021-11-18,18.5
2021-11-19,20.8
2021-11-20,17.8
2021-11-21,16.7
2021-11-22,17.6
2021-11-23,18.5
2021-11-24,19.8
2021-11-25,21.3
2021-11-26,17.5
2021-11-27,16.3
2021-11-28,16.8
2021-11-29,17.1
2021-11-30,18.7
2021-12-01,20.7
2021-12-02,20.5
2021-12-03,20.3
2021-12-04,18.5
2021-12-05,17.7
2021-12-06,18.9
2021-12-07,21.1
2021-12-08,18.5
2021-12-09,18.6
2021-12-10,17.0
2021-12-11,17.1
2021-12-12,17.5
2021-12-13,17.9
2021-12-14,18.1
2021-12-15,20.9
2021-12-16,20.2
2021-12-17,20.7
2021-12-18,25.2
2021-12-19,26.7
2021-12-20,23.4
2021-12-21,22.8
2021-12-22,22.2
2021-12-23,22.1
2021-12-24,21.7
2021-12-25,23.4
2021-12-26,22.0
2021-12-27,19.2
2021-12-28,18.3
2021-12-29,18.4
2021-12-30,20.1
2021-12-31,21.7
2022-01-01,23.0
2022-01-02,23.4
2022-01-03,23.1
2022-01-04,23.2
2022-01-05,22.1
2022-01-06,23.5
2022-01-07,23.7
2022-01-08,23.7
2022-01-09,22.3
2022-01-10,24.2
2022-01-11,24.1
2022-01-12,22.8
2022-01-13,21.7
2022-01-14,23.3
2022-01-15,24.4
2022-01-16,23.7
2022-01-17,24.1
2022-01-18,22.3
2022-01-19,20.6
2022-01-20,21.1
2022-01-21,21.0
2022-01-22,20.8
2022-01-23,20.6
2022-01-24,21.3
2022-01-25,21.4
2022-01-26,22.0
2022-01-27,22.8
2022-01-28,24.2
2022-01-29,24.2
2022-01-30,23.9
2022-01-31,23.5
2022-02-01,25.8
2022-02-02,21.3
2022-02-03,19.4
2022-02-04,19.4
2022-02-05,20.6
2022-02-06,20.4
2022-02-07,19.7
2022-02-08,19.4
2022-02-09,22.2
2022-02-10,23.2
2022-02-11,21.7
2022-02-12,20.4
2022-02-13,20.9
2022-02-14,21.8
2022-02-15,22.1
2022-02-16,22.0
2022-02-17,23.3
2022-02-18,22.9
2022-02-19,21.5
2022-02-20,22.9
2022-02-21,24.0
2022-02-22,21.2
2022-02-23,22.6
2022-02-24,22.5
2022-02-25,22.1
2022-02-26,20.8
2022-02-27,21.5
2022-02-28,22.2
2022-03-01,21.1
2022-03-02,20.5
2022-03-03,21.5
2022-03-04,22.7
2022-03-05,22.7
2022-03-06,22.1
2022-03-07,22.6
2022-03-08,20.9
2022-03-09,20.4
2022-03-10,18.9
2022-03-11,18.9
2022-03-12,19.7
2022-03-13,19.5
2022-03-14,20.0
2022-03-15,21.4
2022-03-16,20.4
2022-03-17,21.4
2022-03-18,22.3
2022-03-19,20.1
2022-03-20,19.4
2022-03-21,20.1
2022-03-22,20.6
2022-03-23,21.1
2022-03-24,19.4
2022-03-25,19.4
2022-03-26,19.2
2022-03-27,19.7
2022-03-28,20.2
2022-03-29,19.9
2022-03-30,20.2
2022-03-31,18.5
2022-04-01,16.4
2022-04-02,17.4
2022-04-03,18.4
2022-04-04,18.7
2022-04-05,18.7
2022-04-06,18.3
2022-04-07,18.5
2022-04-08,20.0
2022-04-09,19.7
2022-04-10,18.8
2022-04-11,20.0
2022-04-12,18.7
2022-04-13,17.5
2022-04-14,17.9
2022-04-15,17.7
2022-04-16,17.4
2022-04-17,17.7
2022-04-18,18.6
2022-04-19,19.6
2022-04-20,17.7
2022-04-21,17.0
2022-04-22,17.6
2022-04-23,17.4
2022-04-24,17.9
2022-04-25,16.8
2022-04-26,17.0
2022-04-27,17.2
2022-04-28,19.2
2022-04-29,20.2
2022-04-30,18.5
2022-05-01,15.6
2022-05-02,16.0
2022-05-03,16.9
2022-05-04,17.2
2022-05-05,16.8
2022-05-06,13.6
2022-05-07,12.5
2022-05-08,13.4
2022-05-09,14.4
2022-05-10,17.3
2022-05-11,17.7
2022-05-12,18.6
2022-05-13,18.6
2022-05-14,19.3
2022-05-15,19.0
2022-05-16,16.9
2022-05-17,14.8
2022-05-18,13.7
2022-05-19,12.8
2022-05-20,13.7
2022-05-21,15.6
2022-05-22,15.2
2022-05-23,14.3
2022-05-24,14.3
2022-05-25,13.8
2022-05-26,14.3
2022-05-27,14.3
2022-05-28,14.2
2022-05-29,12.5
2022-05-30,11.2
2022-05-31,12.6
2022-06-01,10.5
2022-06-02,10.5
2022-06-03,9.5
2022-06-04,11.5
2022-06-05,12.8
2022-06-06,12.3
2022-06-07,11.4
2022-06-08,9.8
2022-06-09,10.4
2022-06-10,11.8
2022-06-11,11.5
2022-06-12,11.5
2022-06-13,10.4
2022-06-14,9.4
2022-06-15,9.7
2022-06-16,12.6
2022-06-17,13.1
2022-06-18,13.5
2022-06-19,13.4
2022-06-20,13.1
2022-06-21,11.7
2022-06-22,11.5
2022-06-23,11.6
2022-06-24,12.8
2022-06-25,13.3
2022-06-26,12.3
2022-06-27,12.0
2022-06-28,11.5
2022-06-29,11.1
2022-06-30,13.0
2022-07-01,11.6
2022-07-02,13.5
2022-07-03,15.1
2022-07-04,15.6
2022-07-05,15.5
2022-07-06,15.4
2022-07-07,13.8
2022-07-08,11.0
2022-07-09,11.4
2022-07-10,12.3
2022-07-11,11.6
2022-07-12,10.6
2022-07-13,10.5
2022-07-14,11.8
2022-07-15,9.0
2022-07-16,9.1
2022-07-17,14.5
2022-07-18,11.5
2022-07-19,10.9
2022-07-20,11.4
2022-07-21,13.4
2022-07-22,14.9
2022-07-23,13.2
2022-07-24,12.0
2022-07-25,11.8
2022-07-26,12.1
2022-07-27,11.8
2022-07-28,12.9
2022-07-29,11.6
2022-07-30,10.0
2022-07-31,11.4
2022-08-01,13.8
2022-08-02,11.2
2022-08-03,15.6
2022-08-04,18.1
2022-08-05,17.0
2022-08-06,13.8
2022-08-07,12.1
2022-08-08,11.8
2022-08-09,11.1
2022-08-10,11.8
2022-08-11,11.8
2022-08-12,13.8
2022-08-13,12.8
2022-08-14,12.4
2022-08-15,13.2
2022-08-16,12.2
2022-08-17,11.7
2022-08-18,12.9
2022-08-19,13.9
2022-08-20,12.3
2022-08-21,13.0
2022-08-22,13.3
2022-08-23,12.7
2022-08-24,11.2
2022-08-25,12.6
2022-08-26,13.0
2022-08-27,13.1
2022-08-28,13.8
2022-08-29,15.7
2022-08-30,17.3
2022-08-31,14.4
2022-09-01,14.5
2022-09-02,13.6
2022-09-03,13.7
2022-09-04,13.9
2022-09-05,13.0
2022-09-06,12.5
2022-09-07,13.5
2022-09-08,16.0
2022-09-09,15.5
2022-09-10,15.9
2022-09-11,13.9
2022-09-12,12.9
2022-09-13,12.7
2022-09-14,12.7
2022-09-15,13.8
2022-09-16,17.0
2022-09-17,17.1
2022-09-18,16.1
2022-09-19,15.0
2022-09-20,14.0
2022-09-21,16.7
2022-09-22,16.4
2022-09-23,16.2
2022-09-24,14.7
2022-09-25,14.3
2022-09-26,13.9
2022-09-27,15.8
2022-09-28,15.8
2022-09-29,14.7
2022-09-30,14.5
2022-10-01,14.5
2022-10-02,12.8
2022-10-03,13.8
2022-10-04,14.8
2022-10-05,15.3
2022-10-06,15.7
2022-10-07,17.5
2022-10-08,17.5
2022-10-09,13.0
2022-10-10,13.6
2022-10-11,15.4
2022-10-12,16.0
2022-10-13,17.3
2022-10-14,18.2
2022-10-15,15.8
2022-10-16,16.6
2022-10-17,15.9
2022-10-18,16.7
2022-10-19,18.5
2022-10-20,18.8
2022-10-21,19.2
2022-10-22,19.5
2022-10-23,18.8
2022-10-24,18.3
2022-10-25,19.9
2022-10-26,21.9
2022-10-27,19.9
2022-10-28,18.1
2022-10-29,18.4
2022-10-30,16.6
2022-10-31,21.3
2022-11-01,18.5
2022-11-02,13.7
2022-11-03,15.0
2022-11-04,16.1
2022-11-05,16.6
2022-11-06,17.2
2022-11-07,18.0
2022-11-08,18.4
2022-11-09,17.5
2022-11-10,18.1
2022-11-11,18.2
2022-11-12,19.1
2022-11-13,20.5
2022-11-14,21.9
2022-11-15,17.7
2022-11-16,14.0
2022-11-17,14.4
2022-11-18,15.3
2022-11-19,17.3
2022-11-20,21.1
2022-11-21,18.3
2022-11-22,16.0
2022-11-23,19.2
2022-11-24,18.6
2022-11-25,18.4
2022-11-26,18.1
2022-11-27,20.8
2022-11-28,18.5
2022-11-29,17.7
2022-11-30,18.1
2022-12-01,17.9
2022-12-02,18.7
2022-12-03,18.0
2022-12-04,18.6
2022-12-05,21.5
2022-12-06,18.9
2022-12-07,21.3
2022-12-08,18.3
2022-12-09,16.7
2022-12-10,17.4
2022-12-11,20.8
2022-12-12,23.8
2022-12-13,18.8
2022-12-14,17.3
2022-12-15,16.6
2022-12-16,16.4
2022-12-17,16.1
2022-12-18,15.9
2022-12-19,16.7
2022-12-20,16.7
2022-12-21,16.9
2022-12-22,17.7
2022-12-23,20.1
2022-12-24,22.2
2022-12-25,21.7
2022-12-26,22.3
2022-12-27,21.7
2022-12-28,22.4
2022-12-29,20.4
2022-12-30,20.8
2022-12-31,21.3
2023-01-01,22.0
2023-01-02,22.3
2023-01-03,22.7
2023-01-04,21.2
2023-01-05,18.6
2023-01-06,17.6
2023-01-07,18.6
2023-01-08,19.0
2023-01-09,19.6
2023-01-10,20.6
2023-01-11,21.2
2023-01-12,21.5
2023-01-13,22.0
2023-01-14,22.5
2023-01-15,23.4
2023-01-16,23.2
2023-01-17,22.6
2023-01-18,23.7
2023-01-19,19.8
2023-01-20,18.7
2023-01-21,20.2
2023-01-22,19.1
2023-01-23,20.3
2023-01-24,21.3
2023-01-25,21.6
2023-01-26,24.2
2023-01-27,22.9
2023-01-28,24.3
2023-01-29,25.3
2023-01-30,23.0
2023-01-31,22.3
2023-02-01,22.2
2023-02-02,23.4
2023-02-03,22.6
2023-02-04,20.1
2023-02-05,20.7
2023-02-06,22.9
2023-02-07,22.8
2023-02-08,22.3
2023-02-09,20.7
2023-02-10,21.8
2023-02-11,24.3
2023-02-12,22.7
2023-02-13,21.3
2023-02-14,20.3
2023-02-15,21.1
2023-02-16,22.0
2023-02-17,22.7
2023-02-18,24.5
2023-02-19,23.4
2023-02-20,24.3
2023-02-21,23.2
2023-02-22,20.7
2023-02-23,20.4
2023-02-24,20.8
2023-02-25,21.0
2023-02-26,23.2
2023-02-27,23.0
2023-02-28,22.7
2023-03-01,22.3
2023-03-02,21.7
2023-03-03,21.1
2023-03-04,21.4
2023-03-05,22.5
2023-03-06,27.3
2023-03-07,24.2
2023-03-08,22.4
2023-03-09,20.3
2023-03-10,20.9
2023-03-11,23.0
2023-03-12,21.9
2023-03-13,21.5
2023-03-14,20.7
2023-03-15,21.6
2023-03-16,25.4
2023-03-17,23.2
2023-03-18,23.5
2023-03-19,23.8
2023-03-20,22.0
2023-03-21,20.6
2023-03-22,20.3
2023-03-23,20.8
2023-03-24,21.0
2023-03-25,20.6
2023-03-26,21.9
2023-03-27,21.4
2023-03-28,22.3
2023-03-29,22.0
2023-03-30,18.4
2023-03-31,17.8
2023-04-01,16.5
2023-04-02,17.4
2023-04-03,18.3
2023-04-04,19.2
2023-04-05,19.1
2023-04-06,17.9
2023-04-07,18.2
2023-04-08,18.1
2023-04-09,16.3
2023-04-10,14.7
2023-04-11,15.7
2023-04-12,15.9
2023-04-13,16.4
2023-04-14,17.1
2023-04-15,18.0
2023-04-16,19.8
2023-04-17,16.8
2023-04-18,16.9
2023-04-19,17.5
2023-04-20,17.3
2023-04-21,17.6
2023-04-22,17.3
2023-04-23,18.0
2023-04-24,18.7
2023-04-25,17.5
2023-04-26,17.5
2023-04-27,18.4
2023-04-28,18.3
2023-04-29,16.8
2023-04-30,15.2
2023-05-01,14.0
2023-05-02,15.4
2023-05-03,17.1
2023-05-04,14.5
2023-05-05,14.6
2023-05-06,13.6
2023-05-07,11.0
2023-05-08,12.0
2023-05-09,13.7
2023-05-10,13.2
2023-05-11,13.9
2023-05-12,14.4
2023-05-13,15.7
2023-05-14,14.8
2023-05-15,13.8
2023-05-16,14.5
2023-05-17,13.8
2023-05-18,12.4
2023-05-19,11.7
2023-05-20,11.9
2023-05-21,13.1
2023-05-22,11.7
2023-05-23,10.9
2023-05-24,11.2
2023-05-25,13.9
2023-05-26,13.7
2023-05-27,10.8
2023-05-28,10.9
2023-05-29,12.6
2023-05-30,13.5
2023-05-31,14.5
2023-06-01,15.8
2023-06-02,14.8
2023-06-03,15.9
2023-06-04,16.7
2023-06-05,15.5
2023-06-06,14.5
2023-06-07,14.9
2023-06-08,13.9
2023-06-09,13.0
2023-06-10,11.6
2023-06-11,10.3
2023-06-12,11.7
2023-06-13,14.6
2023-06-14,12.3
2023-06-15,12.2
2023-06-16,11.4
2023-06-17,10.6
2023-06-18,11.2
2023-06-19,10.0
2023-06-20,10.2
2023-06-21,9.0
2023-06-22,10.4
2023-06-23,13.1
2023-06-24,12.7
2023-06-25,13.0
2023-06-26,12.8
2023-06-27,12.2
2023-06-28,10.0
2023-06-29,10.1
2023-06-30,11.3
2023-07-01,12.3
2023-07-02,11.6
2023-07-03,11.8
2023-07-04,12.9
2023-07-05,14.1
2023-07-06,12.0
2023-07-07,11.7
2023-07-08,13.0
2023-07-09,13.2
2023-07-10,13.0
2023-07-11,11.2
2023-07-12,11.3
2023-07-13,10.7
2023-07-14,13.2
2023-07-15,16.8
2023-07-16,14.3
2023-07-17,12.6
2023-07-18,13.2
2023-07-19,10.8
2023-07-20,9.6
2023-07-21,12.1
2023-07-22,10.6
2023-07-23,11.1
2023-07-24,12.6
2023-07-25,11.2
2023-07-26,11.3
2023-07-27,11.5
2023-07-28,15.1
2023-07-29,15.2
2023-07-30,16.7
2023-07-31,14.5
2023-08-01,14.1
2023-08-02,14.0
2023-08-03,13.3
2023-08-04,13.4
2023-08-05,13.7
2023-08-06,13.9
2023-08-07,12.3
2023-08-08,12.4
2023-08-09,13.0
2023-08-10,15.2
2023-08-11,12.8
2023-08-12,12.2
2023-08-13,13.3
2023-08-14,12.8
2023-08-15,11.7
2023-08-16,11.2
2023-08-17,12.0
2023-08-18,13.0
2023-08-19,12.3
2023-08-20,14.9
2023-08-21,13.1
2023-08-22,14.7
2023-08-23,14.3
2023-08-24,13.4
2023-08-25,12.6
2023-08-26,12.9
2023-08-27,13.4
2023-08-28,13.7
2023-08-29,14.3
2023-08-30,15.8
2023-08-31,13.8
2023-09-01,13.6
2023-09-02,13.1
2023-09-03,12.7
2023-09-04,13.8
2023-09-05,16.8
2023-09-06,14.3
2023-09-07,16.7
2023-09-08,16.0
2023-09-09,12.3
2023-09-10,11.9
2023-09-11,12.4
2023-09-12,13.5
2023-09-13,14.3
2023-09-14,15.5
2023-09-15,17.4
2023-09-16,21.9
2023-09-17,22.7
2023-09-18,21.6
2023-09-19,23.7
2023-09-20,26.5
2023-09-21,17.4
2023-09-22,15.0
2023-09-23,14.5
2023-09-24,14.3
2023-09-25,16.3
2023-09-26,16.1
2023-09-27,17.1
2023-09-28,17.4
2023-09-29,17.0
2023-09-30,18.3
2023-10-01,24.7
2023-10-02,18.9
2023-10-03,24.9
2023-10-04,21.9
2023-10-05,16.3
2023-10-06,15.2
2023-10-07,14.9
2023-10-08,14.6
2023-10-09,16.3
2023-10-10,17.0
2023-10-11,18.3
2023-10-12,21.4
2023-10-13,16.7
2023-10-14,19.8
2023-10-15,18.2
2023-10-16,16.8
2023-10-17,15.2
2023-10-18,17.1
2023-10-19,16.7
2023-10-20,18.1
2023-10-21,19.9
2023-10-22,21.7
2023-10-23,19.1
2023-10-24,20.0
2023-10-25,19.5
2023-10-26,14.4
2023-10-27,15.1
2023-10-28,15.7
2023-10-29,17.7
2023-10-30,22.7
2023-10-31,21.3
2023-11-01,16.6
2023-11-02,17.7
2023-11-03,18.4
2023-11-04,17.6
2023-11-05,16.5
2023-11-06,16.4
2023-11-07,17.9
2023-11-08,19.5
2023-11-09,20.0
2023-11-10,19.6
2023-11-11,21.8
2023-11-12,21.0
2023-11-13,19.1
2023-11-14,19.7
2023-11-15,20.0
2023-11-16,19.7
2023-11-17,17.5
2023-11-18,18.0
2023-11-19,19.3
2023-11-20,21.1
2023-11-21,20.3
2023-11-22,20.7
2023-11-23,20.2
2023-11-24,20.4
2023-11-25,20.1
2023-11-26,23.0
2023-11-27,21.1
2023-11-28,20.0
2023-11-29,20.9
2023-11-30,20.9
2023-12-01,20.2
2023-12-02,20.0
2023-12-03,19.3
2023-12-04,19.5
2023-12-05,22.4
2023-12-06,21.9
2023-12-07,21.0
2023-12-08,24.7
2023-12-09,28.8
2023-12-10,23.4
2023-12-11,23.7
2023-12-12,23.5
2023-12-13,23.7
2023-12-14,29.3
2023-12-15,22.8
2023-12-16,25.4
2023-12-17,22.3
2023-12-18,23.3
2023-12-19,25.9
2023-12-20,18.8
2023-12-21,19.2
2023-12-22,19.3
2023-12-23,19.5
2023-12-24,19.8
2023-12-25,21.3
2023-12-26,22.0
2023-12-27,21.2
2023-12-28,21.8
2023-12-29,21.5
2023-12-30,20.9
2023-12-31,19.8
2024-01-01,21.7
2024-01-02,23.2
2024-01-03,23.4
2024-01-04,22.6
2024-01-05,21.1
2024-01-06,21.0
2024-01-07,22.5
2024-01-08,23.4
2024-01-09,22.8
2024-01-10,23.3
2024-01-11,23.9
2024-01-12,23.9
2024-01-13,23.8
2024-01-14,22.6
2024-01-15,20.5
2024-01-16,21.9
2024-01-17,23.8
2024-01-18,23.4
2024-01-19,21.9
2024-01-20,23.0
2024-01-21,25.9
2024-01-22,21.4
2024-01-23,21.8
2024-01-24,24.0
2024-01-25,26.7
2024-01-26,27.3
2024-01-27,22.0
2024-01-28,21.9
2024-01-29,24.4
2024-01-30,23.9
2024-01-31,23.0
2024-02-01,23.1
2024-02-02,23.4
2024-02-03,23.2
2024-02-04,25.7
2024-02-05,26.9
2024-02-06,22.2
2024-02-07,20.4
2024-02-08,21.0
2024-02-09,20.7
2024-02-10,21.8
2024-02-11,21.2
2024-02-12,22.1
2024-02-13,24.6
2024-02-14,23.2
2024-02-15,21.0
2024-02-16,22.9
2024-02-17,24.4
2024-02-18,23.9
2024-02-19,21.7
2024-02-20,20.5
2024-02-21,21.9
2024-02-22,23.2
2024-02-23,26.2
2024-02-24,21.0
2024-02-25,21.0
2024-02-26,21.4
2024-02-27,21.7
2024-02-28,23.5
2024-02-29,27.2
2024-03-01,24.4
2024-03-02,22.7
2024-03-03,23.5
2024-03-04,20.4
2024-03-05,19.7
2024-03-06,22.5
2024-03-07,22.8
2024-03-08,23.0
2024-03-09,22.9
2024-03-10,23.2
2024-03-11,23.0
2024-03-12,23.5
2024-03-13,23.1
2024-03-14,23.4
2024-03-15,20.9
2024-03-16,20.2
2024-03-17,19.7
2024-03-18,20.7
2024-03-19,21.9
2024-03-20,21.1
2024-03-21,18.6
2024-03-22,17.7
2024-03-23,18.4
2024-03-24,20.2
2024-03-25,20.1
2024-03-26,20.2
2024-03-27,20.8
2024-03-28,20.1
2024-03-29,20.3
2024-03-30,19.3
2024-03-31,19.8
2024-04-01,21.2
2024-04-02,20.8
2024-04-03,18.9
2024-04-04,19.2
2024-04-05,19.2
2024-04-06,21.6
2024-04-07,19.6
2024-04-08,18.7
2024-04-09,15.6
2024-04-10,16.1
2024-04-11,15.9
2024-04-12,16.4
2024-04-13,16.9
2024-04-14,18.4
2024-04-15,17.8
2024-04-16,17.6
2024-04-17,17.8
2024-04-18,16.6
2024-04-19,15.6
2024-04-20,16.7
2024-04-21,16.8
2024-04-22,16.5
2024-04-23,17.8
2024-04-24,19.0
2024-04-25,15.7
2024-04-26,14.7
2024-04-27,15.2
2024-04-28,16.8
2024-04-29,17.8
2024-04-30,16.9
2024-05-01,15.3
2024-05-02,15.4
2024-05-03,14.6
2024-05-04,15.3
2024-05-05,15.2
2024-05-06,17.5
2024-05-07,16.2
2024-05-08,15.8
2024-05-09,15.6
2024-05-10,16.3
2024-05-11,15.9
2024-05-12,15.9
2024-05-13,16.9
2024-05-14,15.6
2024-05-15,15.7
2024-05-16,15.1
2024-05-17,15.5
2024-05-18,13.2
2024-05-19,12.1
2024-05-20,12.8
2024-05-21,14.7
2024-05-22,12.5
2024-05-23,11.9
2024-05-24,12.3
2024-05-25,13.4
2024-05-26,13.0
2024-05-27,12.2
2024-05-28,11.8
2024-05-29,12.9
2024-05-30,14.6
2024-05-31,17.5
2024-06-01,13.8
2024-06-02,12.9
2024-06-03,11.1
2024-06-04,11.3
2024-06-05,11.5
2024-06-06,13.3
2024-06-07,14.6
2024-06-08,14.2
2024-06-09,13.0
2024-06-10,11.8
2024-06-11,11.4
2024-06-12,12.7
2024-06-13,10.9
2024-06-14,11.8
2024-06-15,11.5
2024-06-16,10.2
2024-06-17,11.9
2024-06-18,10.6
2024-06-19,8.3
2024-06-20,8.1
2024-06-21,10.2
2024-06-22,10.8
2024-06-23,11.6
2024-06-24,9.8
2024-06-25,10.3
2024-06-26,12.1
2024-06-27,10.5
2024-06-28,10.1
2024-06-29,12.4
2024-06-30,13.0
2024-07-01,10.1
2024-07-02,11.7
2024-07-03,12.2
2024-07-04,13.4
2024-07-05,13.4
2024-07-06,13.1
2024-07-07,12.7
2024-07-08,13.7
2024-07-09,14.2
2024-07-10,11.5
2024-07-11,11.3
2024-07-12,11.3
2024-07-13,12.4
2024-07-14,10.5
2024-07-15,9.4
2024-07-16,10.6
2024-07-17,12.8
2024-07-18,11.4
2024-07-19,10.3
2024-07-20,12.7
2024-07-21,12.2
2024-07-22,10.7
2024-07-23,10.5
2024-07-24,11.1
2024-07-25,16.0
2024-07-26,14.0
2024-07-27,10.6
2024-07-28,10.0
2024-07-29,10.3
2024-07-30,10.8
2024-07-31,11.6
2024-08-01,11.5
2024-08-02,11.3
2024-08-03,10.2
2024-08-04,9.5
2024-08-05,10.1
2024-08-06,11.1
2024-08-07,9.5
2024-08-08,11.0
2024-08-09,12.0
2024-08-10,12.5
2024-08-11,12.4
2024-08-12,13.2
2024-08-13,15.8
2024-08-14,15.4
2024-08-15,14.2
2024-08-16,14.6
2024-08-17,15.1
2024-08-18,13.6
2024-08-19,13.3
2024-08-20,14.1
2024-08-21,18.2
2024-08-22,15.9
2024-08-23,14.0
2024-08-24,18.9
2024-08-25,18.9
2024-08-26,17.8
2024-08-27,15.5
2024-08-28,20.8
2024-08-29,16.7
2024-08-30,20.5
2024-08-31,18.1
2024-09-01,18.8
2024-09-02,17.7
2024-09-03,12.7
2024-09-04,13.5
2024-09-05,19.1
2024-09-06,21.7
2024-09-07,19.3
2024-09-08,15.3
2024-09-09,17.5
2024-09-10,16.1
2024-09-11,16.0
2024-09-12,16.1
2024-09-13,13.8
2024-09-14,14.4
2024-09-15,12.4
2024-09-16,12.3
2024-09-17,13.7
2024-09-18,15.4
2024-09-19,18.6
2024-09-20,16.0
2024-09-21,16.9
2024-09-22,17.1
2024-09-23,18.7
2024-09-24,18.5
2024-09-25,21.5
2024-09-26,13.7
2024-09-27,14.9
2024-09-28,15.7
2024-09-29,16.2
2024-09-30,15.9
2024-10-01,15.0
2024-10-02,15.7
2024-10-03,15.2
2024-10-04,15.4
2024-10-05,19.6
2024-10-06,20.0
2024-10-07,20.0
2024-10-08,15.5
2024-10-09,14.8
2024-10-10,16.4
2024-10-11,18.2
2024-10-12,16.2
2024-10-13,16.1
2024-10-14,17.0
2024-10-15,15.8
2024-10-16,14.8
2024-10-17,16.0
2024-10-18,19.8
2024-10-19,19.0
2024-10-20,17.8
2024-10-21,16.7
2024-10-22,16.5
2024-10-23,18.6
2024-10-24,17.3
2024-10-25,15.5
2024-10-26,14.4
2024-10-27,16.9
2024-10-28,17.8
2024-10-29,18.2
2024-10-30,18.8
2024-10-31,19.1
2024-11-01,18.5
2024-11-02,18.1
2024-11-03,23.3
2024-11-04,19.4
2024-11-05,19.7
2024-11-06,21.4
2024-11-07,24.5
2024-11-08,21.7
2024-11-09,19.8
2024-11-10,20.5
2024-11-11,19.2
2024-11-12,19.3
2024-11-13,19.7
2024-11-14,18.7
2024-11-15,18.9
2024-11-16,20.4
2024-11-17,22.5
2024-11-18,20.8
2024-11-19,18.3
2024-11-20,19.1
2024-11-21,19.9
2024-11-22,20.5
2024-11-23,22.2
2024-11-24,22.8
2024-11-25,22.7
2024-11-26,24.5
2024-11-27,28.0
2024-11-28,25.6
2024-11-29,21.0
2024-11-30,21.7
2024-12-01,23.2
2024-12-02,24.4
2024-12-03,25.4
2024-12-04,22.1
2024-12-05,22.2
2024-12-06,24.0
2024-12-07,26.5
2024-12-08,22.4
2024-12-09,20.6
2024-12-10,20.9
2024-12-11,20.7
2024-12-12,22.3
2024-12-13,24.0
2024-12-14,23.4
2024-12-15,23.7
2024-12-16,24.6
2024-12-17,26.1
2024-12-18,20.0
2024-12-19,20.2
2024-12-20,19.9
2024-12-21,21.9
2024-12-22,22.2
2024-12-23,23.1
2024-12-24,20.0
2024-12-25,21.5
2024-12-26,22.7
2024-12-27,26.4
2024-12-28,21.5
2024-12-29,22.4
2024-12-30,22.6
2024-12-31,23.2
2025-01-01,24.4
2025-01-02,21.3
2025-01-03,21.0
2025-01-04,23.4
2025-01-05,25.0
2025-01-06,26.1
2025-01-07,20.4
2025-01-08,18.5
2025-01-09,20.5
2025-01-10,20.9
2025-01-11,21.5
2025-01-12,22.7
2025-01-13,23.6
2025-01-14,24.2
2025-01-15,24.7
2025-01-16,19.9
2025-01-17,19.3
2025-01-18,21.0
2025-01-19,19.5
2025-01-20,19.0
2025-01-21,20.0
2025-01-22,22.8
2025-01-23,21.1
2025-01-24,20.2
2025-01-25,20.8
2025-01-26,22.3
2025-01-27,25.8
2025-01-28,27.1
2025-01-29,21.5
2025-01-30,21.7
2025-01-31,22.2
2025-02-01,22.8
2025-02-02,22.9
2025-02-03,24.0
2025-02-04,25.6
2025-02-05,24.7
2025-02-06,24.1
2025-02-07,24.9
2025-02-08,24.4
2025-02-09,23.2
2025-02-10,21.4
2025-02-11,21.8
2025-02-12,22.3
2025-02-13,23.9
2025-02-14,23.5
2025-02-15,21.7
2025-02-16,18.4
2025-02-17,18.2
2025-02-18,19.6
2025-02-19,21.4
2025-02-20,20.6
2025-02-21,20.6
2025-02-22,22.2
2025-02-23,23.0
2025-02-24,23.2
2025-02-25,22.3
2025-02-26,22.7
2025-02-27,24.1
2025-02-28,25.9
2025-03-01,24.5
2025-03-02,23.5
2025-03-03,22.2
2025-03-04,21.7
2025-03-05,22.4
2025-03-06,22.2
2025-03-07,22.0
2025-03-08,22.3
2025-03-09,22.8
2025-03-10,22.2
2025-03-11,21.8
2025-03-12,21.8
2025-03-13,22.4
2025-03-14,23.7
2025-03-15,25.7
2025-03-16,30.3
2025-03-17,19.6
2025-03-18,20.2
2025-03-19,22.7
2025-03-20,23.7
2025-03-21,22.4
2025-03-22,21.6
2025-03-23,21.5
2025-03-24,22.1
2025-03-25,22.1
2025-03-26,22.1
2025-03-27,21.3
2025-03-28,21.9
2025-03-29,20.1
2025-03-30,20.9
2025-03-31,19.5
2025-04-01,18.9
2025-04-02,17.6
2025-04-03,18.6
2025-04-04,19.3
2025-04-05,18.6
2025-04-06,18.5
2025-04-07,18.9
2025-04-08,18.1
2025-04-09,18.6
2025-04-10,19.4
2025-04-11,20.3
2025-04-12,20.9
2025-04-13,20.3
2025-04-14,21.0
2025-04-15,19.6
2025-04-16,18.5
2025-04-17,18.9
2025-04-18,18.1
2025-04-19,19.7
2025-04-20,21.3
2025-04-21,20.2
2025-04-22,18.4
2025-04-23,20.4
2025-04-24,19.7
2025-04-25,18.9
2025-04-26,18.7
2025-04-27,18.6
2025-04-28,18.5
2025-04-29,17.1
2025-04-30,15.4
2025-05-01,15.0
2025-05-02,15.5
2025-05-03,16.1
2025-05-04,16.0
2025-05-05,17.8
2025-05-06,18.0
2025-05-07,19.1
2025-05-08,16.6
2025-05-09,14.8
2025-05-10,16.0
2025-05-11,16.9
2025-05-12,17.3
2025-05-13,17.1
2025-05-14,16.7
2025-05-15,16.9
2025-05-16,17.0
2025-05-17,16.0
2025-05-18,14.1
2025-05-19,15.7
2025-05-20,17.4
2025-05-21,17.3
2025-05-22,17.0
2025-05-23,17.7
2025-05-24,15.9
2025-05-25,14.6
2025-05-26,13.6
2025-05-27,14.9
2025-05-28,13.9
2025-05-29,13.2
2025-05-30,13.7
2025-05-31,13.7
2025-06-01,13.4
2025-06-02,13.3
2025-06-03,13.4
2025-06-04,11.9
2025-06-05,11.2
2025-06-06,10.5
2025-06-07,12.9
2025-06-08,11.5
2025-06-09,10.0
2025-06-10,12.4
2025-06-11,11.2
2025-06-12,11.0
2025-06-13,10.6
2025-06-14,11.9
2025-06-15,10.5
2025-06-16,9.9
2025-06-17,11.0
2025-06-18,9.6
2025-06-19,9.2
2025-06-20,9.8
2025-06-21,10.4
2025-06-22,10.5
2025-06-23,13.1
2025-06-24,16.1
2025-06-25,12.8
2025-06-26,10.7
2025-06-27,11.1
2025-06-28,12.1
2025-06-29,11.9
2025-06-30,11.9
2025-07-01,11.3
2025-07-02,13.8
2025-07-03,14.2
2025-07-04,12.2
2025-07-05,11.4
2025-07-06,14.4
2025-07-07,12.1
2025-07-08,11.2
2025-07-09,13.6
2025-07-10,12.0
2025-07-11,12.0
2025-07-12,12.6
2025-07-13,10.5
2025-07-14,12.6
2025-07-15,9.3
2025-07-16,10.3
2025-07-17,9.3
2025-07-18,11.3
2025-07-19,10.3
2025-07-20,11.2
2025-07-21,13.1
2025-07-22,14.7
2025-07-23,13.7
2025-07-24,10.9
2025-07-25,10.6
2025-07-26,13.8
2025-07-27,13.5
2025-07-28,13.2
2025-07-29,12.9
2025-07-30,10.7
2025-07-31,11.3
2025-08-01,10.8
2025-08-02,12.9
2025-08-03,14.6
2025-08-04,14.5
2025-08-05,14.4
2025-08-06,12.7
2025-08-07,12.1
2025-08-08,13.1
2025-08-09,12.9
2025-08-10,12.2
2025-08-11,11.7
2025-08-12,10.8
2025-08-13,11.9
2025-08-14,12.3
2025-08-15,13.4
2025-08-16,12.7
2025-08-17,10.2
2025-08-18,9.6
2025-08-19,11.7
2025-08-20,12.0
2025-08-21,14.0
2025-08-22,13.7
2025-08-23,14.8
2025-08-24,14.7
2025-08-25,15.4
2025-08-26,16.6
2025-08-27,16.2
2025-08-28,13.9
2025-08-29,14.4
2025-08-30,12.4
2025-08-31,12.2
2025-09-01,12.7
2025-09-02,14.0
2025-09-03,14.1
2025-09-04,16.3
2025-09-05,13.8
2025-09-06,15.1
2025-09-07,16.1
2025-09-08,21.0
2025-09-09,19.5
2025-09-10,16.2
2025-09-11,12.4
2025-09-12,13.5
2025-09-13,14.0
2025-09-14,15.1
2025-09-15,17.4
2025-09-16,20.7
2025-09-17,18.9
2025-09-18,14.6
2025-09-19,16.6
2025-09-20,17.4
2025-09-21,15.3
2025-09-22,14.2
2025-09-23,12.5
2025-09-24,15.4
2025-09-25,18.1
2025-09-26,22.2
2025-09-27,23.8
2025-09-28,20.4
2025-09-29,17.8
2025-09-30,19.9
2025-10-01,21.8
2025-10-02,17.6
2025-10-03,17.8
2025-10-04,16.9
2025-10-05,20.2
2025-10-06,22.9
2025-10-07,18.8
2025-10-08,22.7
2025-10-09,23.6
2025-10-10,23.4
2025-10-11,23.8
2025-10-12,21.7
2025-10-13,17.5
2025-10-14,19.6
2025-10-15,19.7
2025-10-16,21.3
2025-10-17,24.1
2025-10-18,18.5
2025-10-19,20.0
2025-10-20,24.9
2025-10-21,19.4
2025-10-22,26.6
2025-10-23,19.2
2025-10-24,18.6
2025-10-25,18.8
2025-10-26,20.3
2025-10-27,17.8
2025-10-28,14.3
2025-10-29,14.4
2025-10-30,16.9
2025-10-31,18.7
2025-11-01,19.2
2025-11-02,19.4
2025-11-03,22.0
2025-11-04,18.7
2025-11-05,17.8
2025-11-06,18.5
2025-11-07,21.3
2025-11-08,25.2
2025-11-09,17.3
2025-11-10,17.6
2025-11-11,19.7
2025-11-12,15.7
2025-11-13,19.2
2025-11-14,19.8
2025-11-15,21.1
2025-11-16,25.0
2025-11-17,20.5
2025-11-18,20.0
2025-11-19,21.8
2025-11-20,19.9
2025-11-21,17.4
2025-11-22,19.8
2025-11-23,21.0
2025-11-24,19.5
2025-11-25,23.4
2025-11-26,27.9
2025-11-27,25.3
2025-11-28,22.9
2025-11-29,24.4
2025-11-30,22.1
2025-12-01,19.1
2025-12-02,17.3
2025-12-03,19.9
2025-12-04,23.2
2025-12-05,27.2
2025-12-06,30.9
2025-12-07,21.6
2025-12-08,21.7
2025-12-09,23.8
2025-12-10,21.7
2025-12-11,20.4
2025-12-12,19.3
2025-12-13,20.4
2025-12-14,23.3
2025-12-15,19.7
2025-12-16,19.4
2025-12-17,20.9
2025-12-18,24.1
2025-12-19,28.6
2025-12-20,25.6
2025-12-21,27.4
2025-12-22,25.5
2025-12-23,23.3
2025-12-24,23.7
2025-12-25,19.5
2025-12-26,15.9
2025-12-27,17.0
2025-12-28,18.2
2025-12-29,18.3
2025-12-30,18.8
2025-12-31,19.4
2026-01-01,18.7
2026-01-02,19.3
2026-01-03,21.0
2026-01-04,22.4
2026-01-05,21.2
2026-01-06,22.3
2026-01-07,24.6
2026-01-08,26.2
2026-01-09,26.0
2026-01-10,32.2
2026-01-11,20.5
2026-01-12,19.5
2026-01-13,22.0
2026-01-14,22.4
2026-01-15,22.8
2026-01-16,21.7
2026-01-17,20.3
2026-01-18,20.0
2026-01-19,20.1
2026-01-20,20.3
2026-01-21,19.9
2026-01-22,19.6
2026-01-23,19.6
2026-01-24,21.4
2026-01-25,26.4
2026-01-26,22.7
2026-01-27,22.1
2026-01-28,22.6
2026-01-29,23.9
2026-01-30,24.0
2026-01-31,25.4
2026-02-01,24.1
2026-02-02,19.0
2026-02-03,20.0
2026-02-04,22.4
2026-02-05,25.6
2026-02-06,24.5
2026-02-07,25.7
2026-02-08,23.0
2026-02-09,22.8
2026-02-10,23.2
2026-02-11,24.7
2026-02-12,22.1
2026-02-13,20.2
2026-02-14,20.4
2026-02-15,19.6
2026-02-16,20.4
2026-02-17,21.6
2026-02-18,25.4
2026-02-19,24.0
2026-02-20,24.3
2026-02-21,25.8
2026-02-22,26.3
2026-02-23,24.4
2026-02-24,24.4
2026-02-25,24.0
2026-02-26,22.2
2026-02-27,21.7
2026-02-28,22.2
2026-03-01,22.4
2026-03-02,23.2
2026-03-03,22.8
2026-03-04,24.1
2026-03-05,23.8
2026-03-06,24.0
2026-03-07,23.7
2026-03-08,21.4
2026-03-09,21.4
2026-03-10,21.8
2026-03-11,23.0
2026-03-12,21.9
2026-03-13,19.3
2026-03-14,19.6
2026-03-15,20.3
2026-03-16,21.6
2026-03-17,22.9
2026-03-18,21.0
2026-03-19,21.3
2026-03-20,21.7
2026-03-21,21.2
2026-03-22,21.9
2026-03-23,21.8
2026-03-24,21.8
2026-03-25,21.6
2026-03-26,21.7
2026-03-27,15.3
2026-03-28,17.0
2026-03-29,17.7
2026-03-30,18.4
2026-03-31,18.8
2026-04-01,20.1
2026-04-02,20.7
2026-04-03,20.2
2026-04-04,18.7
2026-04-05,18.2
2026-04-06,16.9
2026-04-07,20.1
2026-04-08,21.0
2026-04-09,21.9
2026-04-10,23.4
2026-04-11,20.3
2026-04-12,16.1
2026-04-13,17.0
2026-04-14,17.3
2026-04-15,17.6
2026-04-16,19.1
2026-04-17,18.8
2026-04-18,15.1
2026-04-19,15.0
2026-04-20,16.0
2026-04-21,16.7
2026-04-22,17.5
2026-04-23,17.5
2026-04-24,18.2
2026-04-25,18.2
2026-04-26,17.5
2026-04-27,16.8
2026-04-28,17.3
2026-04-29,17.4
2026-04-30,18.4
2026-05-01,18.0
2026-05-02,19.6
2026-05-03,20.3
2026-05-04,18.6
2026-05-05,17.2
2026-05-06,15.8
2026-05-07,13.4
2026-05-08,14.2
2026-05-09,15.4
2026-05-10,15.7
2026-05-11,18.0
2026-05-12,17.8
2026-05-13,17.4
2026-05-14,17.3
2026-05-15,16.5
2026-05-16,16.5
2026-05-17,17.5
2026-05-18,17.4
2026-05-19,17.0
2026-05-20,14.5
2026-05-21,14.3
2026-05-22,16.0
2026-05-23,17.0
2026-05-24,17.0
2026-05-25,17.2
2026-05-26,17.5
2026-05-27,17.9
2026-05-28,18.1
2026-05-29,17.2
2026-05-30,14.4
2026-05-31,13.9
2026-06-01,12.4
2026-06-02,13.8
2026-06-03,15.6
2026-06-04,13.9
2026-06-05,13.4
2026-06-06,12.0
2026-06-07,12.3
2026-06-08,12.9
2026-06-09,14.5
2026-06-10,16.2
2026-06-11,16.3
2026-06-12,16.2
2026-06-13,16.1
2026-06-14,16.4
2026-06-15,16.2
2026-06-16,15.3
2026-06-17,15.1
2026-06-18,16.5
2026-06-19,17.7
2026-06-20,15.1
2026-06-21,13.0
2026-06-22,12.4
2026-06-23,11.6
2026-06-24,12.1
2026-06-25,13.2
2026-06-26,12.4
2026-06-27,12.5
2026-06-28,12.9
2026-06-29,13.1
2026-06-30,14.3
2026-07-01,16.8
2026-07-02,17.3
2026-07-03,14.2
2026-07-04,12.5
2026-07-05,11.1
2026-07-06,13.6
2026-07-07,13.1
2026-07-08,13.1
2026-07-09,12.9
2026-07-10,11.2
2026-07-11,11.2
2026-07-12,12.4
2026-07-13,12.7
2026-07-14,13.0
2026-07-15,12.4
2026-07-16,13.2
2026-07-17,13.7
2026-07-18,14.4
2026-07-19,14.1
2026-07-20,13.0
2026-07-21,12.4
2026-07-22,12.5
2026-07-23,12.8
2026-07-24,10.2
2026-07-25,11.6
2026-07-26,12.4
2026-07-27,12.2
2026-07-28,13.0
2026-07-29,13.1
2026-07-30,10.8
2026-07-31,10.9
2026-08-01,11.3
2026-08-02,12.6
2026-08-03,13.7
2026-08-04,11.3
2026-08-05,10.7
2026-08-06,10.5
2026-08-07,10.9
2026-08-08,11.7
2026-08-09,12.3
2026-08-10,13.2
2026-08-11,14.9
2026-08-12,13.4
2026-08-13,13.9
2026-08-14,13.1
2026-08-15,13.0
2026-08-16,13.8
2026-08-17,13.3
2026-08-18,13.4
2026-08-19,14.1
2026-08-20,15.2
2026-08-21,16.3
2026-08-22,14.6
2026-08-23,14.4
2026-08-24,16.2
2026-08-25,16.6
2026-08-26,15.9
2026-08-27,14.5
2026-08-28,13.1
2026-08-29,13.6
2026-08-30,13.2
2026-08-31,13.9
2026-09-01,16.5
2026-09-02,21.1
2026-09-03,21.2
2026-09-04,17.0
2026-09-05,21.4
2026-09-06,18.1
2026-09-07,16.2
2026-09-08,14.6
2026-09-09,13.7
2026-09-10,13.4
2026-09-11,14.1
2026-09-12,15.0
2026-09-13,16.7
